timestamp,alpha_id,expression,archetype,hypothesis,source,sharpe,fitness,turnover,returns,drawdown,margin,rejection_reason
2026-09-18T19:28:10.698048+00:00,Vkajgvew,"trade_when(abs(ts_zscore(ts_decay_linear(((call_breakeven_60 - forward_price_60) / close) * (implied_volatility_mean_skew_60 * sqrt(60/252.0)), 5), 20)) > 0.75, group_neutralize(rank(ts_decay_linear(((call_breakeven_60 - forward_price_60) / close) * (implied_volatility_mean_skew_60 * sqrt(60/252.0)), 5)), sector), -1)",skew,"When the skew‑adjusted breakeven‑forward spread deviates more than 0.75 σ from its recent mean, tail‑risk pricing is temporarily out of balance and tends to revert, creating a mean‑reversion edge.",,1.2800,1.0300,0.1265,0.0819,0.0840,0.001294,"SUBMISSION_REJECTED: {""is"":{""checks"":[{""name"":""LOW_SHARPE"",""result"":""PASS"",""limit"":1.25,""value"":1.28},{""name"":""LOW_FITNESS"",""result"":""PASS"",""limit"":1.0,""value"":1.03},{""name"":""LOW_TURNOVER"",""result"":""PASS"",""limit"":0.01,""va"
2026-09-18T19:28:25.134257+00:00,e7bJ2Ljp,"trade_when(abs(rank(ts_decay_linear(ts_decay_linear((call_breakeven_60 - forward_price_60) / close * (implied_volatility_mean_skew_60 * sqrt(60/252.0)), 20), 5)) - 0.5) > 0.30, group_neutralize(rank(ts_decay_linear(ts_decay_linear((call_breakeven_60 - forward_price_60) / close * (implied_volatility_mean_skew_60 * sqrt(60/252.0)), 20), 5)), sector), -1)",Mutation(breakeven),"Switching to a 60‑day tenor captures a longer‑horizon consensus drift while the sqrt(T) scaling preserves skew magnitude. Double smoothing with a 20‑day then 5‑day decay linear filter reduces noise and turnover. Sector‑level neutralization broadens the cross‑sectional comparison, and a slightly looser entry threshold (0.30) reflects the larger variance of the longer‑tenor signal, aiming for a more robust mean‑reverting premium compression.",,1.6800,1.4500,0.0475,0.0932,0.0743,0.003923,"SUBMISSION_REJECTED: {""is"":{""checks"":[{""name"":""LOW_SHARPE"",""result"":""PASS"",""limit"":1.25,""value"":1.68},{""name"":""LOW_FITNESS"",""result"":""PASS"",""limit"":1.0,""value"":1.45},{""name"":""LOW_TURNOVER"",""result"":""PASS"",""limit"":0.01,""va"
2026-09-18T19:28:45.602023+00:00,xA3gQ2np,"trade_when(abs(rank(ts_decay_linear((call_breakeven_60 - forward_price_60) / close * implied_volatility_mean_skew_60 * sqrt(60/252.0), 20)) - 0.5) > 0.30, group_neutralize(rank(ts_decay_linear((call_breakeven_60 - forward_price_60) / close * implied_volatility_mean_skew_60 * sqrt(60/252.0), 20)), sector), -1)",Mutation(breakeven),"Shifts to the 60-day tenor with a longer 20-day decay window to capture slower-moving, more persistent mean-reversion dynamics in the tail-risk pricing. The 60-day skew is less noisy than the 30-day, allowing for a slightly wider entry threshold (0.30) that balances trade frequency with signal quality, while sector neutralization provides a broader diversification base suitable for the lower turnover profile.",,1.6800,1.4600,0.0503,0.0942,0.0761,0.003747,"SUBMISSION_REJECTED: {""is"":{""checks"":[{""name"":""LOW_SHARPE"",""result"":""PASS"",""limit"":1.25,""value"":1.68},{""name"":""LOW_FITNESS"",""result"":""PASS"",""limit"":1.0,""value"":1.46},{""name"":""LOW_TURNOVER"",""result"":""PASS"",""limit"":0.01,""va"
2026-09-18T19:29:08.973765+00:00,pwRg05lx,"trade_when(abs(rank(ts_decay_linear(ts_decay_linear((call_breakeven_60 - forward_price_60) / close * (implied_volatility_mean_skew_60 * sqrt(60/252.0)), 5), 20)) - 0.5) > 0.30, group_neutralize(rank(ts_decay_linear(ts_decay_linear((call_breakeven_60 - forward_price_60) / close * (implied_volatility_mean_skew_60 * sqrt(60/252.0)), 5), 20)), subindustry), -1)",Mutation(breakeven),"Applying a two‑stage decay (5‑day smoothing followed by a 20‑day decay) damps turnover while preserving the longer‑tenor (60‑day) view of forward‑price vs. breakeven divergence. Retaining sub‑industry neutralization keeps sector tilt for capturing relative mispricing, and the 0.30 threshold reflects the larger variance of the longer‑tenor signal.",,1.6500,1.4400,0.0489,0.0946,0.0757,0.003868,"SUBMISSION_REJECTED: {""is"":{""checks"":[{""name"":""LOW_SHARPE"",""result"":""PASS"",""limit"":1.25,""value"":1.65},{""name"":""LOW_FITNESS"",""result"":""PASS"",""limit"":1.0,""value"":1.44},{""name"":""LOW_TURNOVER"",""result"":""PASS"",""limit"":0.01,""va"
2026-09-18T19:29:22.786318+00:00,pwRAdvMj,"trade_when(abs(rank(ts_decay_linear(((call_breakeven_30 - forward_price_30) / close) * (implied_volatility_mean_skew_30 * sqrt(30/252.0)) * (1 + ts_delta(implied_volatility_mean_skew_30,5)), 17)) - 0.5) > 0.35, group_neutralize(rank(ts_decay_linear(((call_breakeven_30 - forward_price_30) / close) * (implied_volatility_mean_skew_30 * sqrt(30/252.0)) * (1 + ts_delta(implied_volatility_mean_skew_30,5)), 17)), subindustry), -1)",breakeven,"When the call breakeven price sits above the synthetic forward and the skew is both steep and recently steepening, the market undervalues the upside move needed to cover the option structure, creating a bullish edge that is amplified by the increasing tail risk. [Optimized: CONVICTION_SMOOTH_T35]",,1.6700,1.3400,0.0387,0.0802,0.0633,0.004143,"SUBMISSION_REJECTED: {""is"":{""checks"":[{""name"":""LOW_SHARPE"",""result"":""PASS"",""limit"":1.25,""value"":1.67},{""name"":""LOW_FITNESS"",""result"":""PASS"",""limit"":1.0,""value"":1.34},{""name"":""LOW_TURNOVER"",""result"":""PASS"",""limit"":0.01,""va"
2026-09-18T19:29:38.748127+00:00,wpZgKOE1,"trade_when(abs(rank(ts_decay_linear((call_breakeven_60 - forward_price_60) / close * (implied_volatility_mean_skew_60 * sqrt(60/252.0) - implied_volatility_mean_skew_60 * sqrt(30/252.0)), 10)) - 0.5) > 0.38, group_neutralize(rank(ts_decay_linear((call_breakeven_60 - forward_price_60) / close * (implied_volatility_mean_skew_60 * sqrt(60/252.0) - implied_volatility_mean_skew_60 * sqrt(30/252.0)), 10)), sector), -1)",breakeven,"The spread between the skew-adjusted breakeven basis of 60-day and 30-day options captures the term-structure of tail-risk pricing; a positive spread implies the market is overpaying for long-dated downside protection relative to short-dated, signaling a mean-reversion opportunity in the forward curve. [Optimized: SHIFT_TENOR]",,1.6100,1.3000,0.0370,0.0813,0.0767,0.004398,"SUBMISSION_REJECTED: {""is"":{""checks"":[{""name"":""LOW_SHARPE"",""result"":""PASS"",""limit"":1.25,""value"":1.61},{""name"":""LOW_FITNESS"",""result"":""PASS"",""limit"":1.0,""value"":1.3},{""name"":""LOW_TURNOVER"",""result"":""PASS"",""limit"":0.01,""val"
2026-09-18T19:29:59.634842+00:00,Xgb6qZ7b,"trade_when(abs(rank(ts_decay_linear((call_breakeven_30 - forward_price_30) / close * implied_volatility_mean_skew_30 * sqrt(30/252.0), 12)) - 0.5) > 0.35, group_neutralize(rank(ts_decay_linear((call_breakeven_30 - forward_price_30) / close * implied_volatility_mean_skew_30 * sqrt(30/252.0), 12)), subindustry), -1)",breakeven,The product of the forward-normalized breakeven and time-scaled skew represents the 'margin for error' in tail-risk pricing; extreme deviations from the cross-sectional median indicate mispriced tail risk that reverts to the sector-neutral mean as volatility surfaces smooth.,,1.7400,1.3900,0.0533,0.0797,0.0846,0.002994,"SUBMISSION_REJECTED: {""is"":{""checks"":[{""name"":""LOW_SHARPE"",""result"":""PASS"",""limit"":1.25,""value"":1.74},{""name"":""LOW_FITNESS"",""result"":""PASS"",""limit"":1.0,""value"":1.39},{""name"":""LOW_TURNOVER"",""result"":""PASS"",""limit"":0.01,""va"
2026-09-18T19:30:20.686242+00:00,d5bL2kwK,"trade_when(abs(rank(ts_decay_linear((call_breakeven_30 - forward_price_30) / close * (implied_volatility_mean_skew_30 * sqrt(30/252.0)), 12)) - 0.5) > 0.35, group_neutralize(rank(ts_decay_linear((call_breakeven_30 - forward_price_30) / close * (implied_volatility_mean_skew_30 * sqrt(30/252.0)), 12)), sector), -1)",Mutation(breakeven),Broadens the neutralization group from subindustry to sector to capture more diverse cross-sectional dispersion and reduce overfitting to narrow industry-specific noise.,,1.7200,1.3500,0.0507,0.0770,0.0856,0.003037,"SUBMISSION_REJECTED: {""is"":{""checks"":[{""name"":""LOW_SHARPE"",""result"":""PASS"",""limit"":1.25,""value"":1.72},{""name"":""LOW_FITNESS"",""result"":""PASS"",""limit"":1.0,""value"":1.35},{""name"":""LOW_TURNOVER"",""result"":""PASS"",""limit"":0.01,""va"
2026-09-18T19:30:34.288646+00:00,0mXvKYOp,"trade_when(volume > adv20, trade_when(abs(rank(ts_decay_linear((call_breakeven_60 - forward_price_60) / close * (implied_volatility_mean_skew_60 * sqrt(60/252.0)), 20)) - 0.5) > 0.35, group_neutralize(rank(ts_decay_linear((call_breakeven_60 - forward_price_60) / close * (implied_volatility_mean_skew_60 * sqrt(60/252.0)), 20)), sector), -1), -1)",Mutation(breakeven),"Extending the tenor to 60 days captures a longer horizon of forward‑price drift while the sqrt‑time scaling preserves comparable skew magnitude. Smoothing with a 20‑day decay reduces noise, and sector‑level neutralization broadens exposure diversification. Adding a volume‑greater‑than‑ADV20 gate filters for periods of heightened liquidity, which tends to coincide with stronger institutional order flow, improving signal reliability and reducing turnover.",,1.5800,1.2700,0.0388,0.0809,0.0632,0.004167,"SUBMISSION_REJECTED: {""is"":{""checks"":[{""name"":""LOW_SHARPE"",""result"":""PASS"",""limit"":1.25,""value"":1.58},{""name"":""LOW_FITNESS"",""result"":""PASS"",""limit"":1.0,""value"":1.27},{""name"":""LOW_TURNOVER"",""result"":""PASS"",""limit"":0.01,""va"
2026-09-18T19:31:05.412143+00:00,VkajY2A0,"trade_when(abs(ts_zscore(ts_decay_linear((call_breakeven_30 - forward_price_30) / close * (implied_volatility_mean_skew_30 * sqrt(30/252.0)), 12), 20)) > 0.75, trade_when(abs(rank(ts_decay_linear(ts_decay_linear((call_breakeven_30 - forward_price_30) / close * (implied_volatility_mean_skew_30 * sqrt(30/252.0)), 12), 5)) - 0.5) > 0.33, group_neutralize(rank(ts_decay_linear(ts_decay_linear((call_breakeven_30 - forward_price_30) / close * (implied_volatility_mean_skew_30 * sqrt(30/252.0)), 12), 5)), sector), -1), -1)",Mutation(breakeven),"Stage 0 passer (Sharpe=1.71, Fit=1.34)",,1.7100,1.3400,0.0493,0.0770,0.0762,0.003121,"SUBMISSION_REJECTED: {""is"":{""checks"":[{""name"":""LOW_SHARPE"",""result"":""PASS"",""limit"":1.25,""value"":1.71},{""name"":""LOW_FITNESS"",""result"":""PASS"",""limit"":1.0,""value"":1.34},{""name"":""LOW_TURNOVER"",""result"":""PASS"",""limit"":0.01,""va"
2026-09-18T19:31:21.438075+00:00,E5pJb80m,"trade_when(abs(rank(ts_decay_linear((call_breakeven_30 - forward_price_30) / close * implied_volatility_mean_skew_30 * sqrt(30/252.0), 20)) - 0.5) > 0.30, group_neutralize(rank(ts_decay_linear((call_breakeven_30 - forward_price_30) / close * implied_volatility_mean_skew_30 * sqrt(30/252.0), 20)), subindustry), -1)",Mutation(breakeven),"Implements turnover-reduction smoothing by extending the linear decay window from 12 to 20 days. This reduces the frequency of position flips, thereby boosting the Fitness metric by lowering transaction costs while preserving the signal's directional integrity. The entry threshold is relaxed from 0.35 to 0.30 to compensate for the reduced signal volatility inherent in the longer smoothing window, maintaining a similar trade frequency and risk-adjusted return profile.",,1.6900,1.3800,0.0557,0.0834,0.0838,0.002994,"SUBMISSION_REJECTED: {""is"":{""checks"":[{""name"":""LOW_SHARPE"",""result"":""PASS"",""limit"":1.25,""value"":1.69},{""name"":""LOW_FITNESS"",""result"":""PASS"",""limit"":1.0,""value"":1.38},{""name"":""LOW_TURNOVER"",""result"":""PASS"",""limit"":0.01,""va"
2026-09-18T19:31:38.849995+00:00,e7bwpmJg,"trade_when(volume > adv20, trade_when(abs(rank(ts_decay_linear(ts_decay_linear((call_breakeven_30 - forward_price_30) / close * (implied_volatility_mean_skew_30 * sqrt(30/252.0)), 12), 5)) - 0.5) > 0.33, group_neutralize(rank(ts_decay_linear(ts_decay_linear((call_breakeven_30 - forward_price_30) / close * (implied_volatility_mean_skew_30 * sqrt(30/252.0)), 12), 5)), subindustry), -1), -1)",Mutation(breakeven),"Stage 0 passer (Sharpe=1.69, Fit=1.34)",,1.6900,1.3400,0.0488,0.0783,0.0760,0.003207,"SUBMISSION_REJECTED: {""is"":{""checks"":[{""name"":""LOW_SHARPE"",""result"":""PASS"",""limit"":1.25,""value"":1.69},{""name"":""LOW_FITNESS"",""result"":""PASS"",""limit"":1.0,""value"":1.34},{""name"":""LOW_TURNOVER"",""result"":""PASS"",""limit"":0.01,""va"
2026-09-18T19:31:56.579454+00:00,mLmkkRX9,"trade_when(abs(rank(ts_decay_linear((call_breakeven_90 - forward_price_90) / close * (implied_volatility_mean_skew_90 * sqrt(90/252.0)) / (implied_volatility_mean_90 + 0.01), 20)) - 0.5) > 0.38, group_neutralize(rank(ts_decay_linear((call_breakeven_90 - forward_price_90) / close * (implied_volatility_mean_skew_90 * sqrt(90/252.0)) / (implied_volatility_mean_90 + 0.01), 20)), subindustry), -1)",breakeven,"Normalizing the skew-adjusted breakeven gap by ATM IV removes the level effect of volatility, isolating the relative efficiency of the skew premium; stocks with high relative skew premiums (high breakeven vol margin) exhibit stronger mean-reversion in their option-implied drift over the 90-day horizon. [Optimized: CALIBRATION_DECAY_24]",,1.4000,1.1100,0.0267,0.0789,0.1223,0.005901,"SUBMISSION_REJECTED: {""is"":{""checks"":[{""name"":""LOW_SHARPE"",""result"":""PASS"",""limit"":1.25,""value"":1.4},{""name"":""LOW_FITNESS"",""result"":""PASS"",""limit"":1.0,""value"":1.11},{""name"":""LOW_TURNOVER"",""result"":""PASS"",""limit"":0.01,""val"
2026-09-18T19:32:17.340664+00:00,pwRgvoO3,"trade_when(volume > adv20, trade_when(abs(rank(ts_decay_linear((call_breakeven_60 - forward_price_60) / close * (implied_volatility_mean_skew_60 * sqrt(60/252.0)), 20)) - 0.5) > 0.35, group_neutralize(rank(ts_decay_linear((call_breakeven_60 - forward_price_60) / close * (implied_volatility_mean_skew_60 * sqrt(60/252.0)), 20)), subindustry), -1), -1)",Mutation(breakeven),"Extending the tenor to 60 days captures a more stable forward‑breakeven divergence, while a 20‑day decay smooths short‑term noise. Adding a volume‑vs‑average‑daily‑volume gate (volume > adv20) restricts trades to periods of high liquidity, reducing turnover and execution drag without altering the core mean‑reversion signal.",,1.5700,1.2800,0.0411,0.0829,0.0621,0.004036,"SUBMISSION_REJECTED: {""is"":{""checks"":[{""name"":""LOW_SHARPE"",""result"":""PASS"",""limit"":1.25,""value"":1.57},{""name"":""LOW_FITNESS"",""result"":""PASS"",""limit"":1.0,""value"":1.28},{""name"":""LOW_TURNOVER"",""result"":""PASS"",""limit"":0.01,""va"
2026-09-18T19:32:31.045617+00:00,RRbn2YEn,"trade_when(abs(ts_zscore(ts_decay_linear((call_breakeven_60 - forward_price_60) / close * (implied_volatility_mean_skew_60 * sqrt(60/252.0)), 12), 20)) > 0.75, trade_when(abs(rank(ts_decay_linear(ts_decay_linear((call_breakeven_60 - forward_price_60) / close * (implied_volatility_mean_skew_60 * sqrt(60/252.0)), 12), 8)) - 0.5) > 0.30, group_neutralize(rank(ts_decay_linear(ts_decay_linear((call_breakeven_60 - forward_price_60) / close * (implied_volatility_mean_skew_60 * sqrt(60/252.0)), 12), 8)), sector), -1), -1)",Mutation(Mutation(breakeven)),"Extending the tenor to 60 days captures a longer‑dated consensus on forward‑breakeven dynamics while preserving the sqrt‑time scaling of skew. A slightly longer inner decay (8 days) smooths the already‑smoothed series, reducing turnover. The rank‑threshold is relaxed to 0.30 to admit more trades when the longer‑tenor signal is extreme, balancing hit‑rate against signal strength. Sector neutralization remains to retain robustness across broader industry groups.",,1.6000,1.3400,0.0497,0.0875,0.0722,0.003521,"SUBMISSION_REJECTED: {""is"":{""checks"":[{""name"":""LOW_SHARPE"",""result"":""PASS"",""limit"":1.25,""value"":1.6},{""name"":""LOW_FITNESS"",""result"":""PASS"",""limit"":1.0,""value"":1.34},{""name"":""LOW_TURNOVER"",""result"":""PASS"",""limit"":0.01,""val"
2026-09-18T19:32:54.995542+00:00,QPbXq85G,"trade_when(abs(rank(ts_decay_linear(ts_decay_linear(((call_breakeven_60 - forward_price_60) / close * implied_volatility_mean_skew_60 * sqrt(60/252.0)), 12), 5)) - 0.5) > 0.35, group_neutralize(rank(ts_decay_linear(ts_decay_linear(((call_breakeven_60 - forward_price_60) / close * implied_volatility_mean_skew_60 * sqrt(60/252.0)), 12), 5)), subindustry), -1)",Mutation(breakeven),"Switching to the 60‑day tenor lengthens the view of tail‑risk pricing, allowing the metric to capture slower‑moving mispricings that the 30‑day version may miss. Nesting a second ts_decay_linear(…,5) smooths the raw decay signal, cutting turnover while preserving the directional edge. The same sub‑industry neutralization keeps the exposure sector‑neutral but still leverages fine‑grained cross‑sectional differences.",,1.5800,1.2900,0.0457,0.0839,0.0736,0.003667,"SUBMISSION_REJECTED: {""is"":{""checks"":[{""name"":""LOW_SHARPE"",""result"":""PASS"",""limit"":1.25,""value"":1.58},{""name"":""LOW_FITNESS"",""result"":""PASS"",""limit"":1.0,""value"":1.29},{""name"":""LOW_TURNOVER"",""result"":""PASS"",""limit"":0.01,""va"
2026-09-18T19:33:21.948402+00:00,9qjL320r,"trade_when(volume > adv20, trade_when(abs(rank(ts_decay_linear((call_breakeven_30 - forward_price_30) / close * (implied_volatility_mean_skew_30 * sqrt(30/252.0)), 12)) - 0.5) > 0.35, group_neutralize(rank(ts_decay_linear((call_breakeven_30 - forward_price_30) / close * (implied_volatility_mean_skew_30 * sqrt(30/252.0)), 5)), subindustry), -1), -1)",Mutation(breakeven),"Reducing the decay window to 5 days dampens high‑frequency noise and turnover, while gating on volume > adv20 ensures trades are executed in sufficiently liquid stocks. This combination preserves the core mean‑reversion signal but improves execution quality and may enhance the risk‑adjusted return. [Optimized: CONVICTION_SMOOTH_T35]",,1.6400,1.2800,0.0448,0.0762,0.0854,0.003404,"SUBMISSION_REJECTED: {""is"":{""checks"":[{""name"":""LOW_SHARPE"",""result"":""PASS"",""limit"":1.25,""value"":1.64},{""name"":""LOW_FITNESS"",""result"":""PASS"",""limit"":1.0,""value"":1.28},{""name"":""LOW_TURNOVER"",""result"":""PASS"",""limit"":0.01,""va"
2026-09-18T19:33:38.982742+00:00,ZYbZavw3,"trade_when(abs(rank(ts_decay_linear(((call_breakeven_60 - forward_price_60) / close * implied_volatility_mean_skew_60 * sqrt(60/252.0)) * (1 + ts_zscore(pcr_vol_60 / (pcr_oi_60 + 0.001), 10)), 20)) - 0.5) > 0.30, group_neutralize(rank(ts_decay_linear(((call_breakeven_60 - forward_price_60) / close * implied_volatility_mean_skew_60 * sqrt(60/252.0)) * (1 + ts_zscore(pcr_vol_60 / (pcr_oi_60 + 0.001), 10)), 20)), subindustry), -1)",Mutation(Mutation(breakeven)),"The base 60‑day skew spread is weighted by a 10‑day z‑score of the PCR volume‑to‑OI flow, amplifying the signal when aggressive institutional order flow is present. Adding this flow‑adjusted multiplier and moving neutralization to the sub‑industry level sharpens the edge while preserving the original mean‑reversion decay window, yielding a higher information ratio with modest turnover.",,1.6400,1.3900,0.0649,0.0902,0.0912,0.002781,"SUBMISSION_REJECTED: {""is"":{""checks"":[{""name"":""LOW_SHARPE"",""result"":""PASS"",""limit"":1.25,""value"":1.64},{""name"":""LOW_FITNESS"",""result"":""PASS"",""limit"":1.0,""value"":1.39},{""name"":""LOW_TURNOVER"",""result"":""PASS"",""limit"":0.01,""va"
2026-09-18T19:33:59.417066+00:00,gJbzwLWg,"trade_when(volume > adv20, trade_when(abs(rank(ts_decay_linear(ts_decay_linear((call_breakeven_60 - forward_price_60) / close * implied_volatility_mean_skew_60 * sqrt(60/252.0), 20), 5)) - 0.5) > 0.30, group_neutralize(rank(ts_decay_linear(ts_decay_linear((call_breakeven_60 - forward_price_60) / close * implied_volatility_mean_skew_60 * sqrt(60/252.0), 20), 5)), sector), -1), -1)",Mutation(Mutation(breakeven)),"Adding a second short‑term decay (5‑day) further smooths the 60‑day skew‑basis series, reducing turnover. Gating on high relative volume (volume > adv20) activates the trade only in periods of strong market participation, which should improve signal reliability and preserve the sector‑wide diversification.",,1.5500,1.2800,0.0442,0.0847,0.0666,0.003836,"SUBMISSION_REJECTED: {""is"":{""checks"":[{""name"":""LOW_SHARPE"",""result"":""PASS"",""limit"":1.25,""value"":1.55},{""name"":""LOW_FITNESS"",""result"":""PASS"",""limit"":1.0,""value"":1.28},{""name"":""LOW_TURNOVER"",""result"":""PASS"",""limit"":0.01,""va"
2026-09-18T19:34:13.673269+00:00,RRbWQ10j,"trade_when(volume > adv20, trade_when(abs(rank(ts_decay_linear(ts_decay_linear((call_breakeven_30 - forward_price_30) / close * (implied_volatility_mean_skew_30 * sqrt(30/252.0)), 12), 5)) - 0.5) > 0.34, group_neutralize(rank(ts_decay_linear(ts_decay_linear((call_breakeven_30 - forward_price_30) / close * (implied_volatility_mean_skew_30 * sqrt(30/252.0)), 12), 5)), subindustry), -1), -1)",Mutation(breakeven),"Adding a second ts_decay_linear (window 5) smooths the raw breakeven‑forward‑skew signal, cutting turnover, while gating trades on volume > adv20 ensures execution on liquid stocks. The tighter threshold (0.34) and sub‑industry neutralization keep the exposure focused, aiming for a higher risk‑adjusted return with lower transaction costs.",,1.6600,1.2900,0.0472,0.0756,0.0799,0.003202,"SUBMISSION_REJECTED: {""is"":{""checks"":[{""name"":""LOW_SHARPE"",""result"":""PASS"",""limit"":1.25,""value"":1.66},{""name"":""LOW_FITNESS"",""result"":""PASS"",""limit"":1.0,""value"":1.29},{""name"":""LOW_TURNOVER"",""result"":""PASS"",""limit"":0.01,""va"
2026-09-18T19:34:34.869674+00:00,1YX5jLlK,"trade_when(abs(rank(ts_decay_linear(ts_decay_linear((call_breakeven_30 - forward_price_30) / close * (implied_volatility_mean_skew_30 * sqrt(30/252.0)), 12), 5)) - 0.5) > 0.30, group_neutralize(rank(ts_decay_linear(ts_decay_linear((call_breakeven_30 - forward_price_30) / close * (implied_volatility_mean_skew_30 * sqrt(30/252.0)), 12), 5)), sector), -1)",Mutation(breakeven),"Applying a second, shorter decay (5‑day) after the original 12‑day decay further filters high‑frequency noise, yielding a smoother, more persistent signal. Lowering the entry threshold to 0.30 increases trade frequency while preserving edge, and shifting neutralization to the broader sector level improves diversification across sub‑industries.",,1.6800,1.3400,0.0566,0.0796,0.0847,0.002815,"SUBMISSION_REJECTED: {""is"":{""checks"":[{""name"":""LOW_SHARPE"",""result"":""PASS"",""limit"":1.25,""value"":1.68},{""name"":""LOW_FITNESS"",""result"":""PASS"",""limit"":1.0,""value"":1.34},{""name"":""LOW_TURNOVER"",""result"":""PASS"",""limit"":0.01,""va"
2026-09-18T19:35:00.539660+00:00,1YX5WMnm,"trade_when(abs(rank(ts_decay_linear(ts_decay_linear((call_breakeven_30 - forward_price_30) / close * implied_volatility_mean_skew_30 * sqrt(30/252.0), 15), 5)) - 0.5) > 0.28, group_neutralize(rank(ts_decay_linear(ts_decay_linear((call_breakeven_30 - forward_price_30) / close * implied_volatility_mean_skew_30 * sqrt(30/252.0), 15), 5)), sector), -1)",Mutation(Mutation(Mutation(breakeven))),"Switching to the 30‑day tenor captures more recent market sentiment while still preserving a medium‑term view. The inner decay window is shortened to 15 days (instead of 20) to reduce lag, and the outer 5‑day smoothing keeps turnover low. Because the signal is slightly noisier at a shorter tenor, the entry threshold is relaxed to 0.28, aiming to keep trade frequency comparable while exploiting the faster‑moving skew‑basis dynamics.",,1.6600,1.3500,0.0579,0.0827,0.0849,0.002858,"SUBMISSION_REJECTED: {""is"":{""checks"":[{""name"":""LOW_SHARPE"",""result"":""PASS"",""limit"":1.25,""value"":1.66},{""name"":""LOW_FITNESS"",""result"":""PASS"",""limit"":1.0,""value"":1.35},{""name"":""LOW_TURNOVER"",""result"":""PASS"",""limit"":0.01,""va"
2026-09-18T19:35:14.655624+00:00,2rwdZnww,"trade_when(volume > adv20, trade_when(abs(rank(ts_decay_linear(ts_decay_linear((call_breakeven_30 - forward_price_30) / close * (implied_volatility_mean_skew_30 * sqrt(30/252.0)), 12), 5)) - 0.5) > 0.35, group_neutralize(rank(ts_decay_linear(ts_decay_linear((call_breakeven_30 - forward_price_30) / close * (implied_volatility_mean_skew_30 * sqrt(30/252.0)), 12), 5)), sector), -1), -1)",Mutation(breakeven),"Adding a liquidity gate (volume > adv20) filters out low‑liquidity stocks, reducing execution slippage. Nesting a second short‑window decay (5‑day) on the primary 12‑day decay smooths the metric further, cutting turnover and noise. Neutralizing by sector broadens the cross‑sectional comparison while the tighter gating aims to improve risk‑adjusted returns.",,1.6500,1.2600,0.0433,0.0734,0.0797,0.003394,"SUBMISSION_REJECTED: {""is"":{""checks"":[{""name"":""LOW_SHARPE"",""result"":""PASS"",""limit"":1.25,""value"":1.65},{""name"":""LOW_FITNESS"",""result"":""PASS"",""limit"":1.0,""value"":1.26},{""name"":""LOW_TURNOVER"",""result"":""PASS"",""limit"":0.01,""va"
2026-09-18T19:35:29.356827+00:00,omLOz8nb,"trade_when(volume > adv20, trade_when(abs(rank(ts_decay_linear((call_breakeven_30 - forward_price_30) / close * implied_volatility_mean_skew_30 * sqrt(30/252.0), 12)) - 0.5) > 0.35, group_neutralize(rank(ts_decay_linear((call_breakeven_30 - forward_price_30) / close * implied_volatility_mean_skew_30 * sqrt(30/252.0), 12)), subindustry), -1), -1)",Mutation(breakeven),"Volume gating activates the core 30‑day skew‑margin strategy only when liquidity exceeds the 20‑day ADV, reducing slippage and execution risk while preserving the original tail‑risk mispricing signal.",,1.6700,1.3000,0.0492,0.0755,0.0844,0.003068,"SUBMISSION_REJECTED: {""is"":{""checks"":[{""name"":""LOW_SHARPE"",""result"":""PASS"",""limit"":1.25,""value"":1.67},{""name"":""LOW_FITNESS"",""result"":""PASS"",""limit"":1.0,""value"":1.3},{""name"":""LOW_TURNOVER"",""result"":""PASS"",""limit"":0.01,""val"
2026-09-18T19:35:48.661615+00:00,gJbAVmLQ,"trade_when(volume > adv20, trade_when(abs(rank(ts_decay_linear((call_breakeven_30 - forward_price_30) / close * (implied_volatility_mean_skew_30 * sqrt(30/252.0)), 12)) - 0.5) > 0.35, group_neutralize(rank(ts_decay_linear((call_breakeven_30 - forward_price_30) / close * (implied_volatility_mean_skew_30 * sqrt(30/252.0)), 12)), subindustry), -1), -1)",Mutation(breakeven),"Stage 0 passer (Sharpe=1.67, Fit=1.30)",,1.6700,1.3000,0.0492,0.0754,0.0844,0.003066,"SUBMISSION_REJECTED: {""is"":{""checks"":[{""name"":""LOW_SHARPE"",""result"":""PASS"",""limit"":1.25,""value"":1.67},{""name"":""LOW_FITNESS"",""result"":""PASS"",""limit"":1.0,""value"":1.3},{""name"":""LOW_TURNOVER"",""result"":""PASS"",""limit"":0.01,""val"
2026-09-18T19:36:12.976368+00:00,mLm9JXPE,"trade_when(abs(rank(ts_decay_linear(ts_decay_linear((call_breakeven_60 - forward_price_60) / close * (implied_volatility_mean_skew_60 * sqrt(60/252.0)), 12), 5)) - 0.5) > 0.30, group_neutralize(rank(ts_decay_linear(ts_decay_linear((call_breakeven_60 - forward_price_60) / close * (implied_volatility_mean_skew_60 * sqrt(60/252.0)), 12), 5)), subindustry), -1)",Mutation(breakeven),"Extending the tenor to 60 days captures longer‑dated institutional hedging pressure while an extra short‑window decay (5) smooths noisy breakeven‑forward gaps. The looser trigger (0.30) lets the signal fire more frequently on the slower‑moving 60‑day skew, preserving the mean‑reverting edge while reducing turnover.",,1.5700,1.3400,0.0546,0.0908,0.0792,0.003324,"SUBMISSION_REJECTED: {""is"":{""checks"":[{""name"":""LOW_SHARPE"",""result"":""PASS"",""limit"":1.25,""value"":1.57},{""name"":""LOW_FITNESS"",""result"":""PASS"",""limit"":1.0,""value"":1.34},{""name"":""LOW_TURNOVER"",""result"":""PASS"",""limit"":0.01,""va"
2026-09-18T19:36:27.155274+00:00,GrbJERdQ,"trade_when(abs(rank(ts_decay_linear((call_breakeven_20 - forward_price_20) / close * implied_volatility_mean_skew_20 * sqrt(20/252.0), 10)) - 0.5) > 0.30, group_neutralize(rank(ts_decay_linear((call_breakeven_20 - forward_price_20) / close * implied_volatility_mean_skew_20 * sqrt(20/252.0), 10)), subindustry), -1)",Mutation(breakeven),"Shifts to the 20d tenor where mean-reversion of skew is faster and less contaminated by macro events. The 10-day decay window aligns with the higher frequency of mean-reversion signals in short-dated options, and the tighter 0.30 threshold captures more frequent but smaller edge opportunities, balancing the trade-off between signal frequency and trade size. [Optimized: CALIBRATION_DECAY_24]",,1.6200,1.2900,0.0474,0.0790,0.1022,0.003336,"SUBMISSION_REJECTED: {""is"":{""checks"":[{""name"":""LOW_SHARPE"",""result"":""PASS"",""limit"":1.25,""value"":1.62},{""name"":""LOW_FITNESS"",""result"":""PASS"",""limit"":1.0,""value"":1.29},{""name"":""LOW_TURNOVER"",""result"":""PASS"",""limit"":0.01,""va"
2026-09-18T19:36:42.971180+00:00,GrbA6OKP,"trade_when(volume > adv20, trade_when(abs(rank(ts_decay_linear(ts_decay_linear((call_breakeven_60 - forward_price_60) / close * (implied_volatility_mean_skew_60 * sqrt(60/252.0)), 12), 8)) - 0.5) > 0.30, group_neutralize(rank(ts_decay_linear(ts_decay_linear((call_breakeven_60 - forward_price_60) / close * (implied_volatility_mean_skew_60 * sqrt(60/252.0)), 12), 8)), subindustry), -1), -1)",Mutation(Mutation(breakeven)),"Stage 0 passer (Sharpe=1.55, Fit=1.30)",,1.5500,1.3000,0.0487,0.0877,0.0689,0.003598,"SUBMISSION_REJECTED: {""is"":{""checks"":[{""name"":""LOW_SHARPE"",""result"":""PASS"",""limit"":1.25,""value"":1.55},{""name"":""LOW_FITNESS"",""result"":""PASS"",""limit"":1.0,""value"":1.3},{""name"":""LOW_TURNOVER"",""result"":""PASS"",""limit"":0.01,""val"
2026-09-18T19:37:08.844880+00:00,A1NMn6wY,"trade_when(abs(rank(ts_decay_linear(((call_breakeven_60 - forward_price_60) / close) * (implied_volatility_mean_skew_60 * sqrt(60/252.0)) / (ts_std_dev(returns, 15) * 15.87 + 1), 12)) - 0.5) > 0.35, group_neutralize(rank(ts_decay_linear(((call_breakeven_60 - forward_price_60) / close) * (implied_volatility_mean_skew_60 * sqrt(60/252.0)) / (ts_std_dev(returns, 15) * 15.87 + 1), 12)), subindustry), -1)",breakeven,"Normalizing the breakeven‑forward gap by the tenor‑scaled skew and recent realized volatility isolates cases where the options market expects a move larger than recent price swings, creating a mean‑reverting mispricing that can be harvested as alpha. [Optimized: CONVICTION_SMOOTH_T35]",,1.5300,1.2200,0.0383,0.0795,0.1017,0.004148,"SUBMISSION_REJECTED: {""is"":{""checks"":[{""name"":""LOW_SHARPE"",""result"":""PASS"",""limit"":1.25,""value"":1.53},{""name"":""LOW_FITNESS"",""result"":""PASS"",""limit"":1.0,""value"":1.22},{""name"":""LOW_TURNOVER"",""result"":""PASS"",""limit"":0.01,""va"
2026-09-18T19:37:23.437169+00:00,Wjbm66Wx,"trade_when(volume > adv20, trade_when(abs(rank(ts_decay_linear((call_breakeven_60 - forward_price_60) / close * (implied_volatility_mean_skew_60 * sqrt(60/252.0)), 20)) - 0.5) > 0.30, group_neutralize(rank(ts_decay_linear((call_breakeven_60 - forward_price_60) / close * (implied_volatility_mean_skew_60 * sqrt(60/252.0)), 20)), sector), -1), -1)",Mutation(breakeven),"Switching to the 60‑day tenor lengthens the horizon of the breakeven‑forward divergence, while a longer decay window (20) smooths noisy daily swings. Neutralizing at the sector level captures broader industry drift, and gating trades on high liquidity (volume > adv20) reduces turnover and execution drag, aiming for a cleaner mean‑reversion signal.",,1.5500,1.2800,0.0463,0.0857,0.0670,0.003706,"SUBMISSION_REJECTED: {""is"":{""checks"":[{""name"":""LOW_SHARPE"",""result"":""PASS"",""limit"":1.25,""value"":1.55},{""name"":""LOW_FITNESS"",""result"":""PASS"",""limit"":1.0,""value"":1.28},{""name"":""LOW_TURNOVER"",""result"":""PASS"",""limit"":0.01,""va"
2026-09-18T19:37:38.066453+00:00,zq8zdlpO,"trade_when(volume > adv20, trade_when(abs(rank(ts_decay_linear((call_breakeven_60 - forward_price_60) / close * implied_volatility_mean_skew_60 * sqrt(60/252.0), 20)) - 0.5) > 0.30, group_neutralize(rank(ts_decay_linear((call_breakeven_60 - forward_price_60) / close * implied_volatility_mean_skew_60 * sqrt(60/252.0), 20)), sector), -1), 0)",Mutation(Mutation(breakeven)),"Applies a liquidity gate (volume > adv20) to the base 60-day skew mean-reversion signal. This filters out illiquid names where options market microstructure noise is high and bid-ask spreads are wide, ensuring the signal is only traded when institutional order flow is sufficient to execute at fair value, thereby improving Sharpe by reducing noise-driven exits.",,1.5500,1.2800,0.0463,0.0857,0.0670,0.003706,"SUBMISSION_REJECTED: {""is"":{""checks"":[{""name"":""LOW_SHARPE"",""result"":""PASS"",""limit"":1.25,""value"":1.55},{""name"":""LOW_FITNESS"",""result"":""PASS"",""limit"":1.0,""value"":1.28},{""name"":""LOW_TURNOVER"",""result"":""PASS"",""limit"":0.01,""va"
2026-09-18T19:37:59.368186+00:00,E5pAVYLm,"trade_when(volume > adv20, trade_when(abs(rank(ts_decay_linear((call_breakeven_60 - forward_price_60) / close * implied_volatility_mean_skew_60 * sqrt(60/252.0), 20)) - 0.5) > 0.30, group_neutralize(rank(ts_decay_linear((call_breakeven_60 - forward_price_60) / close * implied_volatility_mean_skew_60 * sqrt(60/252.0), 20)), sector), -1), -1)",Mutation(Mutation(breakeven)),"Introduces a liquidity gate (volume > adv20) to ensure trades only occur during periods of high institutional activity. This reduces slippage and ensures the implied volatility skew signal is backed by genuine order flow rather than stale quotes, improving execution quality and Sharpe ratio.",,1.5500,1.2800,0.0463,0.0857,0.0670,0.003706,"SUBMISSION_REJECTED: {""is"":{""checks"":[{""name"":""LOW_SHARPE"",""result"":""PASS"",""limit"":1.25,""value"":1.55},{""name"":""LOW_FITNESS"",""result"":""PASS"",""limit"":1.0,""value"":1.28},{""name"":""LOW_TURNOVER"",""result"":""PASS"",""limit"":0.01,""va"
2026-09-18T19:38:21.768677+00:00,mLm9O0ox,"trade_when(volume > adv20, trade_when(abs(rank(ts_decay_linear(ts_decay_linear((call_breakeven_30 - forward_price_30) / close * (implied_volatility_mean_skew_30 * sqrt(30/252.0)), 12), 5)) - 0.5) > 0.35, group_neutralize(rank(ts_decay_linear(ts_decay_linear((call_breakeven_30 - forward_price_30) / close * (implied_volatility_mean_skew_30 * sqrt(30/252.0)), 12), 5)), subindustry), -1), -1)",Mutation(breakeven),"Adding a volume‑to‑average‑daily‑volume filter ensures the trade only activates on liquid stocks where the observed breakeven‑forward divergence is likely driven by institutional order flow. Nesting a second short‑window decay (5 days) smooths transient spikes, lowering turnover. The core 30‑day breakeven‑forward skew signal remains, with sub‑industry neutralization preserving fine‑grained factor exposure.",,1.6400,1.2600,0.0456,0.0741,0.0797,0.003253,"SUBMISSION_REJECTED: {""is"":{""checks"":[{""name"":""LOW_SHARPE"",""result"":""PASS"",""limit"":1.25,""value"":1.64},{""name"":""LOW_FITNESS"",""result"":""PASS"",""limit"":1.0,""value"":1.26},{""name"":""LOW_TURNOVER"",""result"":""PASS"",""limit"":0.01,""va"
2026-09-18T19:38:56.723142+00:00,qMxrakK2,"trade_when(abs(rank(ts_decay_linear((call_breakeven_60 - forward_price_60) / close * (implied_volatility_mean_skew_60 * sqrt(60/252.0)), 10)) - 0.5) > 0.33, group_neutralize(rank(ts_decay_linear((call_breakeven_60 - forward_price_60) / close * (implied_volatility_mean_skew_60 * sqrt(60/252.0)), 10)), subindustry), -1)",Mutation(breakeven),"Switching to the 60‑day tenor captures longer‑dated institutional hedging pressure while preserving the skew‑scaled forward‑basis signal. A 10‑day decay smooths short‑term noise, and a slightly looser 0.33 threshold admits more mean‑reverting excursions, improving turnover without sacrificing edge.",,1.5800,1.3300,0.0560,0.0883,0.0808,0.003152,"SUBMISSION_REJECTED: {""is"":{""checks"":[{""name"":""LOW_SHARPE"",""result"":""PASS"",""limit"":1.25,""value"":1.58},{""name"":""LOW_FITNESS"",""result"":""PASS"",""limit"":1.0,""value"":1.33},{""name"":""LOW_TURNOVER"",""result"":""PASS"",""limit"":0.01,""va"
2026-09-18T19:39:14.621703+00:00,LLNAvzZ2,"trade_when((volume > adv20) * (abs(rank(ts_decay_linear((call_breakeven_60 - forward_price_60) / close * (implied_volatility_mean_skew_60 * sqrt(60/252.0)), 10)) - 0.5) > 0.35), group_neutralize(rank(ts_decay_linear((call_breakeven_60 - forward_price_60) / close * (implied_volatility_mean_skew_60 * sqrt(60/252.0)), 10)), sector), -1)",Mutation(breakeven),"Switching to the 60‑day tenor extends the forward‑basis horizon, letting the signal capture more persistent drift deviations. The sqrt‑time scaling preserves skew comparability. A shorter 10‑day decay smooths raw noise while retaining mean‑reversion dynamics. Sector‑level neutralization reduces industry‑wide bias, and a volume‑vs‑ADV20 gate forces trades only when liquidity is strong, improving execution and reducing turnover.",,1.5200,1.2000,0.0375,0.0782,0.0769,0.004168,"SUBMISSION_REJECTED: {""is"":{""checks"":[{""name"":""LOW_SHARPE"",""result"":""PASS"",""limit"":1.25,""value"":1.52},{""name"":""LOW_FITNESS"",""result"":""PASS"",""limit"":1.0,""value"":1.2},{""name"":""LOW_TURNOVER"",""result"":""PASS"",""limit"":0.01,""val"
2026-09-18T19:39:48.195119+00:00,e7bRkX2M,"trade_when(abs(rank(ts_decay_linear((call_breakeven_30 - forward_price_30) / close * (implied_volatility_mean_skew_30 * sqrt(30/252.0)), 5)) - 0.5) > 0.35, group_neutralize(rank(ts_decay_linear((call_breakeven_30 - forward_price_30) / close * (implied_volatility_mean_skew_30 * sqrt(30/252.0)), 5)), sector), -1)",Mutation(Mutation(breakeven)),"Reducing the decay window from 12 to 5 days lowers turnover and aligns the strategy with faster market movements, potentially improving Sharpe by reducing transaction costs while preserving the core skew signal. [Optimized: CALIBRATION_DECAY_24]",,1.6100,1.2500,0.0438,0.0750,0.0932,0.003420,"SUBMISSION_REJECTED: {""is"":{""checks"":[{""name"":""LOW_SHARPE"",""result"":""PASS"",""limit"":1.25,""value"":1.61},{""name"":""LOW_FITNESS"",""result"":""PASS"",""limit"":1.0,""value"":1.25},{""name"":""LOW_TURNOVER"",""result"":""PASS"",""limit"":0.01,""va"
2026-09-18T19:40:09.908059+00:00,O0Nav3Mp,"trade_when(abs(rank(ts_decay_linear(ts_decay_linear((call_breakeven_60 - forward_price_60) / close * (implied_volatility_mean_skew_60 * sqrt(60/252.0)), 10), 5)) - 0.5) > 0.34, group_neutralize(rank(ts_decay_linear(ts_decay_linear((call_breakeven_60 - forward_price_60) / close * (implied_volatility_mean_skew_60 * sqrt(60/252.0)), 10), 5)), sector), -1)",Mutation(breakeven),"Shifts the tenor from 30d to 60d to target a longer-horizon mean-reversion in the skew-adjusted forward basis. The 60d tenor captures more institutional hedging activity and less noise than the 30d tenor, potentially offering a smoother signal. The double smoothing (decay 10 then decay 5) significantly reduces turnover and noise, aligning with the 'Turnover-Reduction Smoothing' mutation direction. The 0.34 z-score threshold ensures trades are only taken when the deviation from the mean is statistically significant, balancing edge size with trade frequency.",,1.5600,1.2700,0.0466,0.0822,0.0790,0.003530,"SUBMISSION_REJECTED: {""is"":{""checks"":[{""name"":""LOW_SHARPE"",""result"":""PASS"",""limit"":1.25,""value"":1.56},{""name"":""LOW_FITNESS"",""result"":""PASS"",""limit"":1.0,""value"":1.27},{""name"":""LOW_TURNOVER"",""result"":""PASS"",""limit"":0.01,""va"
2026-09-18T19:40:34.659539+00:00,YPbre8wR,"trade_when(volume > adv20, trade_when(abs(rank(ts_decay_linear((call_breakeven_30 - forward_price_30) / close * (implied_volatility_mean_skew_30 * sqrt(30/252.0)), 12)) - 0.5) > 0.38, group_neutralize(rank(ts_decay_linear((call_breakeven_30 - forward_price_30) / close * (implied_volatility_mean_skew_30 * sqrt(30/252.0)), 12)), subindustry), -1), -1)",Mutation(breakeven),"Stage 0 passer (Sharpe=1.64, Fit=1.24)",,1.6400,1.2400,0.0436,0.0716,0.0830,0.003288,"SUBMISSION_REJECTED: {""is"":{""checks"":[{""name"":""LOW_SHARPE"",""result"":""PASS"",""limit"":1.25,""value"":1.64},{""name"":""LOW_FITNESS"",""result"":""PASS"",""limit"":1.0,""value"":1.24},{""name"":""LOW_TURNOVER"",""result"":""PASS"",""limit"":0.01,""va"
2026-09-18T19:41:08.963558+00:00,d5bAEEnj,"trade_when(volume > adv20, trade_when(abs(rank(ts_decay_linear(ts_decay_linear((call_breakeven_30 - forward_price_30) / close * (implied_volatility_mean_skew_30 * sqrt(30/252.0)), 12), 5)) - 0.5) > 0.36, group_neutralize(rank(ts_decay_linear(ts_decay_linear((call_breakeven_30 - forward_price_30) / close * (implied_volatility_mean_skew_30 * sqrt(30/252.0)), 12), 5)), subindustry), -1), -1)",Mutation(breakeven),"Adding a volume‑to‑average‑daily‑volume filter ensures the signal only activates on actively traded stocks, reducing execution drag. A second decay layer (5) further dampens short‑term noise, while sub‑industry neutralization sharpens the edge by removing micro‑sector effects, together aiming for a tighter risk‑adjusted return.",,1.6300,1.2400,0.0439,0.0726,0.0827,0.003310,"SUBMISSION_REJECTED: {""is"":{""checks"":[{""name"":""LOW_SHARPE"",""result"":""PASS"",""limit"":1.25,""value"":1.63},{""name"":""LOW_FITNESS"",""result"":""PASS"",""limit"":1.0,""value"":1.24},{""name"":""LOW_TURNOVER"",""result"":""PASS"",""limit"":0.01,""va"
2026-09-18T19:41:30.892510+00:00,A1NKKEql,"trade_when(abs(rank(ts_decay_linear(ts_decay_linear((call_breakeven_60 - forward_price_60) / close * (implied_volatility_mean_skew_60 * sqrt(60/252.0)), 12), 5)) - 0.5) > 0.34, group_neutralize(rank(ts_decay_linear(ts_decay_linear((call_breakeven_60 - forward_price_60) / close * (implied_volatility_mean_skew_60 * sqrt(60/252.0)), 12), 5)), subindustry), -1)",Mutation(Mutation(breakeven)),"Shifts the tenor from 30d to 60d to capture longer-dated institutional positioning and dividend/borrow basis effects, which are more stable and less prone to short-term noise. Switching neutralization from sector to subindustry provides granular control, preventing cross-industry beta leakage and allowing the alpha to isolate idiosyncratic options flow within tighter peer groups.",,1.5500,1.2700,0.0475,0.0841,0.0774,0.003539,"SUBMISSION_REJECTED: {""is"":{""checks"":[{""name"":""LOW_SHARPE"",""result"":""PASS"",""limit"":1.25,""value"":1.55},{""name"":""LOW_FITNESS"",""result"":""PASS"",""limit"":1.0,""value"":1.27},{""name"":""LOW_TURNOVER"",""result"":""PASS"",""limit"":0.01,""va"
2026-09-18T19:42:11.193192+00:00,KPNRjdKg,"trade_when(abs(rank(ts_decay_linear((call_breakeven_90 - forward_price_90) / close * implied_volatility_mean_skew_90 * sqrt(90/252.0), 30)) - 0.5) > 0.28, group_neutralize(rank(ts_decay_linear((call_breakeven_90 - forward_price_90) / close * implied_volatility_mean_skew_90 * sqrt(90/252.0), 30)), sector), -1)",Mutation(Mutation(breakeven)),"Extending the tenor to 90 days captures a more persistent tail‑risk component while the 30‑day decay smooths the noisy breakeven‑skew signal. The longer horizon justifies a slightly tighter entry threshold (0.28) to preserve signal quality, and sector neutralization retains broad diversification.",,1.4700,1.2700,0.0471,0.0927,0.0727,0.003938,"SUBMISSION_REJECTED: {""is"":{""checks"":[{""name"":""LOW_SHARPE"",""result"":""PASS"",""limit"":1.25,""value"":1.47},{""name"":""LOW_FITNESS"",""result"":""PASS"",""limit"":1.0,""value"":1.27},{""name"":""LOW_TURNOVER"",""result"":""PASS"",""limit"":0.01,""va"
2026-09-18T19:42:37.177049+00:00,JjNEmQ8x,"trade_when(abs(rank(ts_decay_linear((call_breakeven_60 - forward_price_60) / close * (implied_volatility_mean_skew_60 * sqrt(60/252.0)), 15)) - 0.5) > 0.34, group_neutralize(rank(ts_decay_linear((call_breakeven_60 - forward_price_60) / close * (implied_volatility_mean_skew_60 * sqrt(60/252.0)), 15)), sector), -1)",Mutation(breakeven),"Stage 0 passer (Sharpe=1.56, Fit=1.26)",,1.5600,1.2600,0.0462,0.0817,0.0796,0.003538,"SUBMISSION_REJECTED: {""is"":{""checks"":[{""name"":""LOW_SHARPE"",""result"":""PASS"",""limit"":1.25,""value"":1.56},{""name"":""LOW_FITNESS"",""result"":""PASS"",""limit"":1.0,""value"":1.26},{""name"":""LOW_TURNOVER"",""result"":""PASS"",""limit"":0.01,""va"
2026-09-18T19:43:08.744249+00:00,VkaJY0Mw,"trade_when(abs(rank(ts_decay_linear((call_breakeven_90 - forward_price_90) / close * implied_volatility_mean_skew_90 * sqrt(90/252.0), 30)) - 0.5) > 0.28, group_neutralize(rank(ts_decay_linear((call_breakeven_90 - forward_price_90) / close * implied_volatility_mean_skew_90 * sqrt(90/252.0), 30)), subindustry), -1)",Mutation(Mutation(breakeven)),"By shifting to the 90‑day tenor, the strategy captures a more stable, longer‑term skew while the 30‑day decay window smooths short‑term noise. Using subindustry neutralization sharpens diversification and the slightly looser 0.28 entry threshold balances trade frequency with signal quality.",,1.4600,1.2800,0.0489,0.0955,0.0772,0.003908,"SUBMISSION_REJECTED: {""is"":{""checks"":[{""name"":""LOW_SHARPE"",""result"":""PASS"",""limit"":1.25,""value"":1.46},{""name"":""LOW_FITNESS"",""result"":""PASS"",""limit"":1.0,""value"":1.28},{""name"":""LOW_TURNOVER"",""result"":""PASS"",""limit"":0.01,""va"
2026-09-18T19:43:39.792576+00:00,akbZnX75,"trade_when(abs(rank(ts_decay_linear((call_breakeven_60 - forward_price_60) / close * (implied_volatility_mean_skew_60 * sqrt(60/252.0)), 5)) - 0.5) > 0.38, group_neutralize(rank(ts_decay_linear((call_breakeven_60 - forward_price_60) / close * (implied_volatility_mean_skew_60 * sqrt(60/252.0)), 5)), subindustry), -1)",Mutation(breakeven),"Stage 0 passer (Sharpe=1.60, Fit=1.31)",,1.6000,1.3100,0.0558,0.0836,0.0824,0.002999,"SUBMISSION_REJECTED: {""is"":{""checks"":[{""name"":""LOW_SHARPE"",""result"":""PASS"",""limit"":1.25,""value"":1.6},{""name"":""LOW_FITNESS"",""result"":""PASS"",""limit"":1.0,""value"":1.31},{""name"":""LOW_TURNOVER"",""result"":""PASS"",""limit"":0.01,""val"
2026-09-18T19:44:08.012229+00:00,npdM2mqw,"trade_when(volume > adv20, trade_when(abs(rank(ts_decay_linear(ts_decay_linear((call_breakeven_30 - forward_price_30) / close * (implied_volatility_mean_skew_30 * sqrt(30/252.0)), 5), 12)) - 0.5) > 0.35, group_neutralize(rank(ts_decay_linear(ts_decay_linear((call_breakeven_30 - forward_price_30) / close * (implied_volatility_mean_skew_30 * sqrt(30/252.0)), 5), 12)), subindustry), -1), -1)",Mutation(breakeven),"Adding a two‑stage decay (5‑day then 12‑day) smooths the raw breakeven‑forward spread, cutting turnover while preserving the core signal. The outer volume gate (volume > adv20) restricts trades to sufficiently liquid stocks, reducing execution slippage. Keeping sub‑industry neutralization retains fine‑grained cross‑sectional control, while the extra smoothing enhances the persistence of the mean‑reverting compression signal.",,1.6200,1.2400,0.0452,0.0731,0.0778,0.003234,"SUBMISSION_REJECTED: {""is"":{""checks"":[{""name"":""LOW_SHARPE"",""result"":""PASS"",""limit"":1.25,""value"":1.62},{""name"":""LOW_FITNESS"",""result"":""PASS"",""limit"":1.0,""value"":1.24},{""name"":""LOW_TURNOVER"",""result"":""PASS"",""limit"":0.01,""va"
2026-09-18T19:44:27.242885+00:00,e7bwbpxg,"trade_when(volume > adv20, trade_when(abs(rank(ts_decay_linear((call_breakeven_60 - forward_price_60) / close * (implied_volatility_mean_skew_60 * sqrt(60/252.0)), 10)) - 0.5) > 0.33, group_neutralize(rank(ts_decay_linear((call_breakeven_60 - forward_price_60) / close * (implied_volatility_mean_skew_60 * sqrt(60/252.0)), 10)), subindustry), -1), -1)",Mutation(breakeven),"Switching to a 60‑day tenor captures longer‑dated institutional hedging pressure while scaling skew with sqrt(60/252). A tighter decay window (10) smooths noisy daily moves, and gating on volume > ADV20 restricts trades to sufficiently liquid stocks, improving turnover and execution without altering the core mean‑reverting signal.",,1.5500,1.2800,0.0510,0.0857,0.0748,0.003357,"SUBMISSION_REJECTED: {""is"":{""checks"":[{""name"":""LOW_SHARPE"",""result"":""PASS"",""limit"":1.25,""value"":1.55},{""name"":""LOW_FITNESS"",""result"":""PASS"",""limit"":1.0,""value"":1.28},{""name"":""LOW_TURNOVER"",""result"":""PASS"",""limit"":0.01,""va"
2026-09-18T19:45:01.278346+00:00,wpZxlMGd,"trade_when((pcr_vol_30 / (pcr_oi_30 + 0.001)) > ts_mean(pcr_vol_30 / (pcr_oi_30 + 0.001), 20), trade_when(abs(rank(ts_decay_linear((call_breakeven_30 - forward_price_30) / close * (implied_volatility_mean_skew_30 * sqrt(30/252.0)), 10)) - 0.5) > 0.30, group_neutralize(rank(ts_decay_linear((call_breakeven_30 - forward_price_30) / close * (implied_volatility_mean_skew_30 * sqrt(30/252.0)), 10)), sector), -1), -1)",Mutation(breakeven),"Stage 0 passer (Sharpe=1.63, Fit=1.28)",,1.6300,1.2800,0.0521,0.0768,0.0867,0.002950,"SUBMISSION_REJECTED: {""is"":{""checks"":[{""name"":""LOW_SHARPE"",""result"":""PASS"",""limit"":1.25,""value"":1.63},{""name"":""LOW_FITNESS"",""result"":""PASS"",""limit"":1.0,""value"":1.28},{""name"":""LOW_TURNOVER"",""result"":""PASS"",""limit"":0.01,""va"
2026-09-18T19:45:15.088599+00:00,QPbXj80G,"trade_when(abs(rank(ts_decay_linear(((call_breakeven_60 - forward_price_60) / close * implied_volatility_mean_skew_60 * sqrt(60/252.0)) - ((call_breakeven_20 - forward_price_20) / close * implied_volatility_mean_skew_20 * sqrt(20/252.0)), 12)) - 0.5) > 0.38, group_neutralize(rank(ts_decay_linear(((call_breakeven_60 - forward_price_60) / close * implied_volatility_mean_skew_60 * sqrt(60/252.0)) - ((call_breakeven_20 - forward_price_20) / close * implied_volatility_mean_skew_20 * sqrt(20/252.0)), 12)), subindustry), -1)",breakeven,"The term-structure slope of skew-adjusted breakevens identifies mispriced term premiums, where a steepening curve relative to the short tenor signals a mean-reverting overpricing of long-dated tail risk.",,1.6100,1.2900,0.0537,0.0801,0.0630,0.002984,"SUBMISSION_REJECTED: {""is"":{""checks"":[{""name"":""LOW_SHARPE"",""result"":""PASS"",""limit"":1.25,""value"":1.61},{""name"":""LOW_FITNESS"",""result"":""PASS"",""limit"":1.0,""value"":1.29},{""name"":""LOW_TURNOVER"",""result"":""PASS"",""limit"":0.01,""va"
2026-09-18T19:45:47.820386+00:00,1YXQKPWQ,"trade_when(abs(rank(ts_decay_linear((call_breakeven_60 - forward_price_60) / close * (implied_volatility_mean_skew_60 * sqrt(60/252.0)), 10)) - 0.5) > 0.33, group_neutralize(rank(ts_decay_linear((call_breakeven_60 - forward_price_60) / close * (implied_volatility_mean_skew_60 * sqrt(60/252.0)), 10)), sector), -1)",Mutation(breakeven),"By extending the tenor to 60 days we capture a longer‑dated consensus drift while preserving the sqrt‑time skew scaling. A shorter decay window (10) smooths turnover and highlights more persistent breakeven‑forward divergences. Neutralizing at the sector level reduces industry‑specific noise, allowing the signal to exploit broader market mispricings in the longer‑dated risk premium.",,1.5700,1.2900,0.0535,0.0849,0.0803,0.003176,"SUBMISSION_REJECTED: {""is"":{""checks"":[{""name"":""LOW_SHARPE"",""result"":""PASS"",""limit"":1.25,""value"":1.57},{""name"":""LOW_FITNESS"",""result"":""PASS"",""limit"":1.0,""value"":1.29},{""name"":""LOW_TURNOVER"",""result"":""PASS"",""limit"":0.01,""va"
2026-09-18T19:46:10.130004+00:00,A1NZ7eRQ,"trade_when(abs(rank(ts_decay_linear((call_breakeven_60 - forward_price_60) / close * (implied_volatility_mean_skew_60 * sqrt(60/252.0)), 15)) - 0.5) > 0.35, group_neutralize(rank(ts_decay_linear((call_breakeven_60 - forward_price_60) / close * (implied_volatility_mean_skew_60 * sqrt(60/252.0)), 15)), subindustry), -1)",Mutation(breakeven),"Stage 0 passer (Sharpe=1.54, Fit=1.25)",,1.5400,1.2500,0.0468,0.0820,0.0751,0.003503,"SUBMISSION_REJECTED: {""is"":{""checks"":[{""name"":""LOW_SHARPE"",""result"":""PASS"",""limit"":1.25,""value"":1.54},{""name"":""LOW_FITNESS"",""result"":""PASS"",""limit"":1.0,""value"":1.25},{""name"":""LOW_TURNOVER"",""result"":""PASS"",""limit"":0.01,""va"
2026-09-18T19:46:45.486907+00:00,ZYb3kNkn,"trade_when(abs(rank(ts_decay_linear(((call_breakeven_20 - forward_price_20) / close) * (implied_volatility_mean_skew_20 * sqrt(20/252.0)), 17)) - 0.5) > 0.35, group_neutralize(rank(ts_decay_linear(((call_breakeven_20 - forward_price_20) / close) * (implied_volatility_mean_skew_20 * sqrt(20/252.0)), 17)), subindustry), -1)",breakeven,"Stage 0 passer (Sharpe=1.59, Fit=1.19) [Optimized: CONVICTION_SMOOTH_T35]",,1.5900,1.1900,0.0390,0.0699,0.0845,0.003587,"SUBMISSION_REJECTED: {""is"":{""checks"":[{""name"":""LOW_SHARPE"",""result"":""PASS"",""limit"":1.25,""value"":1.59},{""name"":""LOW_FITNESS"",""result"":""PASS"",""limit"":1.0,""value"":1.19},{""name"":""LOW_TURNOVER"",""result"":""PASS"",""limit"":0.01,""va"
2026-09-18T19:47:08.539597+00:00,npdJPqvx,"trade_when(abs(rank(ts_decay_linear((call_breakeven_60 - forward_price_60) / close * (implied_volatility_mean_skew_60 * sqrt(60/252.0)), 15)) - 0.5) > 0.35, group_neutralize(rank(ts_decay_linear((call_breakeven_60 - forward_price_60) / close * (implied_volatility_mean_skew_60 * sqrt(60/252.0)), 15)), sector), -1)",Mutation(breakeven),"Stage 0 passer (Sharpe=1.54, Fit=1.23)",,1.5400,1.2300,0.0443,0.0795,0.0744,0.003588,"SUBMISSION_REJECTED: {""is"":{""checks"":[{""name"":""LOW_SHARPE"",""result"":""PASS"",""limit"":1.25,""value"":1.54},{""name"":""LOW_FITNESS"",""result"":""PASS"",""limit"":1.0,""value"":1.23},{""name"":""LOW_TURNOVER"",""result"":""PASS"",""limit"":0.01,""va"
2026-09-18T19:47:35.042109+00:00,JjNKMl0A,"trade_when(abs(rank(ts_decay_linear(((call_breakeven_30 - forward_price_30) / close * implied_volatility_mean_skew_30 * sqrt(30/252.0)) - ((call_breakeven_20 - forward_price_20) / close * implied_volatility_mean_skew_20 * sqrt(20/252.0)), 10)) - 0.5) > 0.38, group_neutralize(rank(ts_decay_linear(((call_breakeven_30 - forward_price_30) / close * implied_volatility_mean_skew_30 * sqrt(30/252.0)) - ((call_breakeven_20 - forward_price_20) / close * implied_volatility_mean_skew_20 * sqrt(20/252.0)), 10)), subindustry), -1)",Mutation(breakeven),"Implements a term-structure momentum signal by isolating the differential between the 30-day and 20-day skew-normalized breakeven spreads. This 'curve steepness' metric filters out common market-wide volatility shocks (which affect both tenors similarly) and isolates relative value dislocations where the short-term hedging cost premium is diverging from the medium-term consensus, targeting a cleaner alpha signal with reduced turnover via a 10-day decay. [Optimized: CALIBRATION_DECAY_24]",,1.6700,1.2200,0.0448,0.0672,0.0302,0.002997,"SUBMISSION_REJECTED: {""is"":{""checks"":[{""name"":""LOW_SHARPE"",""result"":""PASS"",""limit"":1.25,""value"":1.67},{""name"":""LOW_FITNESS"",""result"":""PASS"",""limit"":1.0,""value"":1.22},{""name"":""LOW_TURNOVER"",""result"":""PASS"",""limit"":0.01,""va"
2026-09-18T19:48:09.732424+00:00,1YXEQRLm,"trade_when(abs(rank(ts_decay_linear((call_breakeven_60 - forward_price_60) / close * (implied_volatility_mean_skew_60 * sqrt(60/252.0)), 12)) - 0.5) > 0.35, group_neutralize(rank(ts_decay_linear(ts_decay_linear((call_breakeven_60 - forward_price_60) / close * (implied_volatility_mean_skew_60 * sqrt(60/252.0)), 12), 5)), sector), -1)",Mutation(breakeven),"Switching to the 60‑day tenor captures a more stable forward‑price/breakeven divergence and a longer‑dated skew, while an extra short‑window decay (5 days) smooths noisy spikes. Neutralizing at the sector level reduces idiosyncratic sub‑industry bias, allowing the mean‑reverting compression signal to shine across broader industry groups.",,1.5400,1.2400,0.0459,0.0804,0.0835,0.003501,"SUBMISSION_REJECTED: {""is"":{""checks"":[{""name"":""LOW_SHARPE"",""result"":""PASS"",""limit"":1.25,""value"":1.54},{""name"":""LOW_FITNESS"",""result"":""PASS"",""limit"":1.0,""value"":1.24},{""name"":""LOW_TURNOVER"",""result"":""PASS"",""limit"":0.01,""va"
2026-09-18T19:48:32.791249+00:00,YPbqnw5W,"trade_when(volume > adv20, trade_when(abs(rank(ts_decay_linear(((call_breakeven_30 - forward_price_30) / close * (implied_volatility_mean_skew_30 * sqrt(30/252.0)) - (call_breakeven_30 - forward_price_30) / close * (implied_volatility_mean_skew_30 * sqrt(20/252.0))), 5)) - 0.5) > 0.38, group_neutralize(rank(ts_decay_linear(((call_breakeven_30 - forward_price_30) / close * (implied_volatility_mean_skew_30 * sqrt(30/252.0)) - (call_breakeven_30 - forward_price_30) / close * (implied_volatility_mean_skew_30 * sqrt(20/252.0))), 5)), subindustry), -1), -1)",Mutation(breakeven),"Combining the 30‑day and 20‑day breakeven‑forward spreads isolates a term‑structure tilt in hedging costs, while an extra ts_decay_linear(5) smooths the signal to cut turnover. Gating trades on volume > ADV20 ensures execution only when liquidity is sufficient, and sub‑industry neutralization preserves the fine‑grained cross‑sectional edge. [Optimized: SHIFT_TENOR_CONVICTION]",,1.5900,1.2000,0.0408,0.0707,0.0962,0.003468,"SUBMISSION_REJECTED: {""is"":{""checks"":[{""name"":""LOW_SHARPE"",""result"":""PASS"",""limit"":1.25,""value"":1.59},{""name"":""LOW_FITNESS"",""result"":""PASS"",""limit"":1.0,""value"":1.2},{""name"":""LOW_TURNOVER"",""result"":""PASS"",""limit"":0.01,""val"
2026-09-18T19:49:07.545363+00:00,E5p7p77L,"trade_when(abs(rank(ts_decay_linear((call_breakeven_60 - forward_price_60) / close * (implied_volatility_mean_skew_60 * sqrt(60/252.0)), 10)) - 0.5) > 0.36, group_neutralize(rank(ts_decay_linear((call_breakeven_60 - forward_price_60) / close * (implied_volatility_mean_skew_60 * sqrt(60/252.0)), 10)), subindustry), -1)",Mutation(breakeven),"Stage 0 passer (Sharpe=1.55, Fit=1.26)",,1.5500,1.2600,0.0500,0.0832,0.0828,0.003326,"SUBMISSION_REJECTED: {""is"":{""checks"":[{""name"":""LOW_SHARPE"",""result"":""PASS"",""limit"":1.25,""value"":1.55},{""name"":""LOW_FITNESS"",""result"":""PASS"",""limit"":1.0,""value"":1.26},{""name"":""LOW_TURNOVER"",""result"":""PASS"",""limit"":0.01,""va"
2026-09-18T19:49:25.214429+00:00,akbvMpl9,"trade_when(abs(ts_zscore(ts_decay_linear((call_breakeven_30 - forward_price_30) / close * (implied_volatility_mean_skew_30 * sqrt(30/252.0)), 12), 12)) > 0.75, trade_when(abs(rank(ts_decay_linear((call_breakeven_30 - forward_price_30) / close * (implied_volatility_mean_skew_30 * sqrt(30/252.0)), 12)) - 0.5) > 0.35, group_neutralize(rank(ts_decay_linear((call_breakeven_30 - forward_price_30) / close * (implied_volatility_mean_skew_30 * sqrt(30/252.0)), 12)), subindustry), -1), -1)",Mutation(breakeven),"Incorporating an absolute ts_zscore > 0.75 gate forces the strategy to trade only when the skew‑adjusted forward basis has deviated significantly from its recent mean, targeting stronger mean‑reversion opportunities. The inner condition remains the original rank‑based trigger, preserving the core edge while the outer gate reduces false positives and improves Sharpe by focusing on more pronounced excursions.",,1.6400,1.2700,0.0531,0.0745,0.0856,0.002809,"SUBMISSION_REJECTED: {""is"":{""checks"":[{""name"":""LOW_SHARPE"",""result"":""PASS"",""limit"":1.25,""value"":1.64},{""name"":""LOW_FITNESS"",""result"":""PASS"",""limit"":1.0,""value"":1.27},{""name"":""LOW_TURNOVER"",""result"":""PASS"",""limit"":0.01,""va"
2026-09-18T19:49:47.122155+00:00,LLNxq3Gv,"trade_when(abs(rank(ts_decay_linear((call_breakeven_60 - forward_price_60) / close * (implied_volatility_mean_skew_60 * sqrt(60/252.0)), 12)) - 0.5) > 0.30, group_neutralize(rank(ts_decay_linear((call_breakeven_60 - forward_price_60) / close * (implied_volatility_mean_skew_60 * sqrt(60/252.0)), 12)), sector), -1)",Mutation(breakeven),"Switching from a 30‑day to a 60‑day tenor expands the view to longer‑dated option markets, capturing broader consensus drift and skew. The sqrt‑time scaling preserves comparable skew magnitude across tenors. Neutralizing at the sector level (instead of subindustry) removes more systematic industry noise, allowing the mean‑reverting premium compression signal to stand out and potentially raise the Sharpe ratio.",,1.5500,1.3000,0.0569,0.0874,0.0756,0.003071,"SUBMISSION_REJECTED: {""is"":{""checks"":[{""name"":""LOW_SHARPE"",""result"":""PASS"",""limit"":1.25,""value"":1.55},{""name"":""LOW_FITNESS"",""result"":""PASS"",""limit"":1.0,""value"":1.3},{""name"":""LOW_TURNOVER"",""result"":""PASS"",""limit"":0.01,""val"
2026-09-18T19:50:11.874694+00:00,O0NPgkdd,"trade_when(volume > adv20, trade_when(abs(rank(ts_decay_linear((call_breakeven_60 - forward_price_60) / close * (implied_volatility_mean_skew_60 * sqrt(60/252.0)), 10)) - 0.5) > 0.33, group_neutralize(rank(ts_decay_linear((call_breakeven_60 - forward_price_60) / close * (implied_volatility_mean_skew_60 * sqrt(60/252.0)), 10)), sector), -1), -1)",Mutation(breakeven),"Extending the tenor to 60‑day breakeven/forward captures a longer‑horizon consensus drift while the sqrt‑time scaling preserves skew comparability. A tighter decay window (10) smooths short‑term noise, and gating on volume > ADV20 restricts trades to liquid stocks, reducing turnover and execution drag. Neutralizing at the sector level broadens exposure control, aiming for a more robust mean‑reverting premium compression signal.",,1.5400,1.2500,0.0486,0.0821,0.0751,0.003375,"SUBMISSION_REJECTED: {""is"":{""checks"":[{""name"":""LOW_SHARPE"",""result"":""PASS"",""limit"":1.25,""value"":1.54},{""name"":""LOW_FITNESS"",""result"":""PASS"",""limit"":1.0,""value"":1.25},{""name"":""LOW_TURNOVER"",""result"":""PASS"",""limit"":0.01,""va"
2026-09-18T19:50:28.913809+00:00,vRr0YV2v,"trade_when(abs(rank(ts_decay_linear((call_breakeven_60 - forward_price_60) / close * (implied_volatility_mean_skew_60 * sqrt(60/252.0)), 15)) - 0.5) > 0.33, group_neutralize(rank(ts_decay_linear((call_breakeven_60 - forward_price_60) / close * (implied_volatility_mean_skew_60 * sqrt(60/252.0)), 15)), sector), -1)",Mutation(breakeven),"By extending the tenor to 60 days, the signal captures longer‑dated hedging pressure where the forward‑basis divergence is more persistent. The sqrt‑time scaling preserves comparable skew magnitude, while a slightly longer decay window (15) smooths noisy daily swings. Neutralizing at the sector level reduces idiosyncratic industry noise, aiming for a more robust mean‑reverting premium across broader market segments.",,1.5300,1.2400,0.0480,0.0817,0.0843,0.003402,"SUBMISSION_REJECTED: {""is"":{""checks"":[{""name"":""LOW_SHARPE"",""result"":""PASS"",""limit"":1.25,""value"":1.53},{""name"":""LOW_FITNESS"",""result"":""PASS"",""limit"":1.0,""value"":1.24},{""name"":""LOW_TURNOVER"",""result"":""PASS"",""limit"":0.01,""va"
2026-09-18T19:50:53.800805+00:00,gJbOA6pO,"trade_when(abs(rank(ts_decay_linear((call_breakeven_60 - forward_price_60) / close * (implied_volatility_mean_skew_60 * sqrt(60/252.0)), 12)) - 0.5) > 0.35, group_neutralize(rank(ts_decay_linear((call_breakeven_60 - forward_price_60) / close * (implied_volatility_mean_skew_60 * sqrt(60/252.0)), 12)), subindustry), -1)",Mutation(breakeven),"Stage 0 passer (Sharpe=1.53, Fit=1.24)",,1.5300,1.2400,0.0495,0.0823,0.0825,0.003327,"SUBMISSION_REJECTED: {""is"":{""checks"":[{""name"":""LOW_SHARPE"",""result"":""PASS"",""limit"":1.25,""value"":1.53},{""name"":""LOW_FITNESS"",""result"":""PASS"",""limit"":1.0,""value"":1.24},{""name"":""LOW_TURNOVER"",""result"":""PASS"",""limit"":0.01,""va"
2026-09-18T19:51:11.165930+00:00,zq8pQkgX,"trade_when(abs(rank(ts_decay_linear(((call_breakeven_30 - forward_price_30) / close * (implied_volatility_mean_skew_30 * sqrt(30/252.0)) - (call_breakeven_20 - forward_price_20) / close * (implied_volatility_mean_skew_20 * sqrt(20/252.0))), 12)) - 0.5) > 0.38, group_neutralize(rank(ts_decay_linear(((call_breakeven_30 - forward_price_30) / close * (implied_volatility_mean_skew_30 * sqrt(30/252.0)) - (call_breakeven_20 - forward_price_20) / close * (implied_volatility_mean_skew_20 * sqrt(20/252.0))), 8)), sector), -1)",Mutation(breakeven),"A term‑structure spread (30‑day vs 20‑day breakeven‑forward gaps) isolates shifts in short‑term hedging demand. Smoothing the spread with a slightly shorter decay (8) emphasizes recent changes, while sector‑level neutralization reduces industry bias. The tighter trigger (0.36) targets stronger divergences that are more likely to mean‑revert. [Optimized: CONVICTION_GATE_T38]",,1.7100,1.2300,0.0518,0.0643,0.0287,0.002483,"SUBMISSION_REJECTED: {""is"":{""checks"":[{""name"":""LOW_SHARPE"",""result"":""PASS"",""limit"":1.25,""value"":1.71},{""name"":""LOW_FITNESS"",""result"":""PASS"",""limit"":1.0,""value"":1.23},{""name"":""LOW_TURNOVER"",""result"":""PASS"",""limit"":0.01,""va"
2026-09-18T19:51:25.498127+00:00,RRbWY6ea,"trade_when(abs(rank(ts_decay_linear((call_breakeven_20 - forward_price_20) / close * implied_volatility_mean_skew_20 * sqrt(20/252.0), 12)) - 0.5) > 0.35, group_neutralize(rank(ts_decay_linear((call_breakeven_20 - forward_price_20) / close * implied_volatility_mean_skew_20 * sqrt(20/252.0), 5)), sector), -1)",Mutation(breakeven),"Shortening the option tenor to 20 days while applying sqrt(20/252) scaling reduces bias toward longer horizons and captures more immediate tail‑risk mispricing. A 5‑day ts_decay_linear smoothing dampens high‑frequency noise, improving signal stability. Switching to sector neutralization broadens the exposure control, mitigating sector‑specific idiosyncrasies. [Optimized: CONVICTION_SMOOTH_T35]",,1.6200,1.2300,0.0490,0.0716,0.0871,0.002921,"SUBMISSION_REJECTED: {""is"":{""checks"":[{""name"":""LOW_SHARPE"",""result"":""PASS"",""limit"":1.25,""value"":1.62},{""name"":""LOW_FITNESS"",""result"":""PASS"",""limit"":1.0,""value"":1.23},{""name"":""LOW_TURNOVER"",""result"":""PASS"",""limit"":0.01,""va"
2026-09-18T19:51:49.495677+00:00,LLNxnvb6,"trade_when(volume > adv20, trade_when(abs(rank(ts_decay_linear((call_breakeven_60 - forward_price_60) / close * (implied_volatility_mean_skew_60 * sqrt(60/252.0)), 15)) - 0.5) > 0.30, group_neutralize(rank(ts_decay_linear((call_breakeven_60 - forward_price_60) / close * (implied_volatility_mean_skew_60 * sqrt(60/252.0)), 15)), sector), -1), -1)",Mutation(breakeven),"Extending the tenor to 60 days captures longer‑dated institutional hedging pressure while the 15‑day decay smooths turnover. Switching the neutralization group to sector broadens the cross‑sectional view, and gating trades on volume > ADV20 ensures sufficient liquidity, together expected to boost risk‑adjusted returns.",,1.5100,1.2400,0.0492,0.0839,0.0664,0.003409,"SUBMISSION_REJECTED: {""is"":{""checks"":[{""name"":""LOW_SHARPE"",""result"":""PASS"",""limit"":1.25,""value"":1.51},{""name"":""LOW_FITNESS"",""result"":""PASS"",""limit"":1.0,""value"":1.24},{""name"":""LOW_TURNOVER"",""result"":""PASS"",""limit"":0.01,""va"
2026-09-18T19:52:09.857743+00:00,JjNE3k5W,"trade_when(abs(rank(ts_decay_linear((call_breakeven_60 - forward_price_60) / close * (implied_volatility_mean_skew_60 * sqrt(60/252.0)), 5)) - 0.5) > 0.36, group_neutralize(rank(ts_decay_linear((call_breakeven_60 - forward_price_60) / close * (implied_volatility_mean_skew_60 * sqrt(60/252.0)), 5)), subindustry), -1)",Mutation(breakeven),"Switching the tenor from 30 d to 60 d lengthens the horizon of the breakeven‑forward price spread, smoothing short‑term noise while preserving the skew‑adjusted scaling (√T). The longer tenor also captures a broader set of market participants, improving the mean‑reversion signal and reducing turnover without altering the core risk‑premium premise.",,1.5800,1.2900,0.0608,0.0833,0.0780,0.002739,"SUBMISSION_REJECTED: {""is"":{""checks"":[{""name"":""LOW_SHARPE"",""result"":""PASS"",""limit"":1.25,""value"":1.58},{""name"":""LOW_FITNESS"",""result"":""PASS"",""limit"":1.0,""value"":1.29},{""name"":""LOW_TURNOVER"",""result"":""PASS"",""limit"":0.01,""va"
2026-09-18T19:52:25.139976+00:00,78NbPAl2,"trade_when(abs(ts_zscore(ts_decay_linear(ts_decay_linear((call_breakeven_30 - forward_price_30) / close * (implied_volatility_mean_skew_30 * sqrt(30/252.0)), 12), 5), 20)) > 0.75, group_neutralize(rank(ts_decay_linear(ts_decay_linear((call_breakeven_30 - forward_price_30) / close * (implied_volatility_mean_skew_30 * sqrt(30/252.0)), 12), 5)), subindustry), -1)",Mutation(breakeven),"Stage 0 passer (Sharpe=1.48, Fit=1.23) [Optimized: CALIBRATION_DECAY_24]",,1.5300,1.3300,0.0691,0.0950,0.0910,0.002750,"SUBMISSION_REJECTED: {""is"":{""checks"":[{""name"":""LOW_SHARPE"",""result"":""PASS"",""limit"":1.25,""value"":1.53},{""name"":""LOW_FITNESS"",""result"":""PASS"",""limit"":1.0,""value"":1.33},{""name"":""LOW_TURNOVER"",""result"":""PASS"",""limit"":0.01,""va"
2026-09-18T19:52:38.944913+00:00,wpZgpJ9Y,"trade_when(abs(rank(ts_decay_linear((call_breakeven_60 - forward_price_60) / close * (implied_volatility_mean_skew_60 * sqrt(60/252.0)), 15)) - 0.5) > 0.32, group_neutralize(rank(ts_decay_linear((call_breakeven_60 - forward_price_60) / close * (implied_volatility_mean_skew_60 * sqrt(60/252.0)), 15)), subindustry), -1)",Mutation(breakeven),"Extends the horizon to 60 days to capture slower-moving institutional hedging adjustments and consensus drift, applying sqrt(60/252) scaling to normalize skew. The longer 15-day decay window and slightly relaxed 0.32 threshold reduce turnover while targeting the more persistent mean-reversion cycle of mid-term options structures.",,1.5100,1.2500,0.0522,0.0856,0.0803,0.003280,"SUBMISSION_REJECTED: {""is"":{""checks"":[{""name"":""LOW_SHARPE"",""result"":""PASS"",""limit"":1.25,""value"":1.51},{""name"":""LOW_FITNESS"",""result"":""PASS"",""limit"":1.0,""value"":1.25},{""name"":""LOW_TURNOVER"",""result"":""PASS"",""limit"":0.01,""va"
